,strategy,feature_dim,time_elapsed
0,my_own,10,68.07404613494873
1,brute,10,7.8442888259887695
2,kd_tree,10,0.4413609504699707
3,ball_tree,10,1.7201948165893555
4,my_own,20,76.82888102531433
5,brute,20,7.95955491065979
6,kd_tree,20,1.4051759243011475
7,ball_tree,20,6.638407230377197
8,my_own,100,78.31037068367004
9,brute,100,8.280681610107422
10,kd_tree,100,82.76625037193298
11,ball_tree,100,97.67582511901855
